{"header__nav__typography":{"family":"Barlow\/100,100italic,200,200italic,300,300italic,regular,italic,500,500italic,600,600italic,700,700italic,800,800italic,900,900italic\/latin,latin-ext,vietnamese"},"header__nav__extras":["cart","search"],"global__layout__width":{"width":"1170px","max-width":"92%"},"global__layout__background":{"color":"#ffffff"},"global__sidebar__dimension":{"width":"270px","margin":"120px"},"global__typography__scheme":{"primary":"#009f9f","accent":"#d92d20","light":"#f2f6f9","dark":"#41294a","grey":"#d8d8d8","yellow":"#fed700","orange":"#fe613f","red":"#b03d2a","blue":"#1dc2ef","green":"#12e09b","pink":"#dd154d","purple":"#191125"},"header__topbar":"on","header__sticky":"off","header__extras":["search"],"header__topbar__text":"","global__social__icons":[{"icon":"slab-logo-fb-simple","title":"Facebook","url":"#"},{"icon":"slab-logo-twitter","title":"Twitter","url":"#"},{"icon":"slab-logo-envato","title":"Envato","url":"#"}],"header__sticky__shadow":"off","global__misc__gotop":"off","header__topbar__background":{"image":{"id":-1,"url":false},"color":"","repeat":"repeat","attachment":"scroll","position":"top left","x":"auto","y":"auto","size":"auto","width":"auto","height":"auto"},"global__typography__body":{"color":"#76667e","family":"Outfit\/100,200,300,regular,500,600,700,800,900\/latin,latin-ext","size":"16px","lineHeight":"160%"},"global__typography__colors":{"a":"#41294a","a:hover":"","a:visited":"","a:active, a:focus":""},"sliding__menuDesktop":"off","header__width":"on","header__sticky__logo":"logoDark","header__shadow":"off","blog__archive__gridGutter":"60","blog__archive__imagesize":"400x226","blog__archive__style":"grid","blog__archive__columns":"2","blog__archive__excerptLength":"86","blog__archive__readmore":"on","blog__archive__sidebarPosition":"right","blog__single__postMeta":"on","blog__single__postTags":"on","blog__single__postAuthor":"on","blog__single__sidebarPosition":"none","blog__single__relatedPosts":"on","blog__related__gridColumns":"4","blog__related__count":"4","sliding__sidebarLable":"More","sliding__sidebarBackground":{"image":{"id":-1,"url":false},"color":"","repeat":"repeat","attachment":"scroll","position":"top left","x":"auto","y":"auto","size":"cover","width":"auto","height":"auto"},"header__sticky__style":"style2","header__sticky__width":"off","header__transparent":"on","input__typography":{"size":""},"input__background":"rgba(0, 0, 0, 0)","input__border":{"all":{"size":"1px","style":"solid","color":"rgba(0, 0, 0, 0.2)"},"top":{"size":"","style":"none","color":""},"right":{"size":"","style":"none","color":""},"bottom":{"size":"","style":"none","color":""},"left":{"size":"","style":"none","color":""},"simplify":true},"input__height":"","button__typography":{"size":""},"button__height":"","button__border":{"all":{"size":"1px","style":"solid","color":"rgba(255, 255, 255, 0)"},"top":{"size":"","style":"none","color":""},"right":{"size":"","style":"none","color":""},"bottom":{"size":"","style":"none","color":""},"left":{"size":"","style":"none","color":""},"simplify":true},"header__style":"style1","footer__copyright__content":"Copyright \u00a9 2024. Designed and Developed by <a href=\"#\">LineThemes<\/a> Only on <a href=\"#\">Envato Market<\/a>.","shop__gridColumns":"4","shop__gridGutter":"30","shop__sidebarPosition":"none","product__sidebarPosition":"none","sliding__menuStyle":"slide","sliding__menuBackground":{"repeat":"no-repeat","position":"top left","attachment":"scroll","size":"auto"},"header__titlebar__align":"center","header__titlebar__background":{"repeat":"no-repeat","position":"top left","attachment":"scroll","size":"auto"},"footer__widgets__background":{"repeat":"no-repeat","position":"top left","attachment":"scroll","size":"auto"},"footer__copyright__background":{"repeat":"no-repeat","position":"top left","attachment":"scroll","size":"auto"},"shop__paginate":"12","shop__archive__category":"off","header__titlebar":"both","header__titlebar__scrolldown":"on","header__titlebar__backgroundFeatured":["page"],"sliding__menuLable":"Menu","global__typography__h1":{"family":"Barlow\/100,100italic,200,200italic,300,300italic,regular,italic,500,500italic,600,600italic,700,700italic,800,800italic,900,900italic\/latin,latin-ext,vietnamese"},"global__typography__h2":{"family":"Barlow\/100,100italic,200,200italic,300,300italic,regular,italic,500,500italic,600,600italic,700,700italic,800,800italic,900,900italic\/latin,latin-ext,vietnamese"},"global__typography__h3":{"family":"Barlow\/100,100italic,200,200italic,300,300italic,regular,italic,500,500italic,600,600italic,700,700italic,800,800italic,900,900italic\/latin,latin-ext,vietnamese"},"global__typography__h4":{"family":"Barlow\/100,100italic,200,200italic,300,300italic,regular,italic,500,500italic,600,600italic,700,700italic,800,800italic,900,900italic\/latin,latin-ext,vietnamese"},"global__typography__h5":{"family":"Barlow\/100,100italic,200,200italic,300,300italic,regular,italic,500,500italic,600,600italic,700,700italic,800,800italic,900,900italic\/latin,latin-ext,vietnamese"},"global__typography__h6":{"family":"Barlow\/100,100italic,200,200italic,300,300italic,regular,italic,500,500italic,600,600italic,700,700italic,800,800italic,900,900italic\/latin,latin-ext,vietnamese"}}